Ime,Koda,Market_Cap_USD,Cena_USD,Sprememba_Odstotek,Drzava
NVIDIA,NVDA,5555000000000.0,230.08,2.23,USA
Apple,AAPL,4968000000000.0,340.43,0.19,USA
Alphabet (Google),GOOG,4128999999999.9995,337.68,1.0,USA
Microsoft,MSFT,3759000000000.0,506.34,1.9,USA
Amazon,AMZN,2656000000000.0,246.33,1.34,USA
TSMC,TSM,2306000000000.0,444.65,1.32,Taiwan
SpaceX,SPCX,1936000000000.0,146.91,1.19,USA
Meta Platforms (Facebook),META,1831000000000.0,718.98,4.35,USA
Broadcom,AVGO,1664000000000.0,348.76,1.15,USA
Saudi Aramco,2222.SR,1645000000000.0,6.8,1.08,S. Arabia
Tesla,TSLA,1420000000000.0,359.64,3.35,USA
Samsung,005930.KS,1305000000000.0,198.75,5.43,S. Korea
Micron Technology,MU,1171000000000.0,,4.19,USA
Berkshire Hathaway,BRK-B,1082000000000.0001,505.54,0.01,USA
Eli Lilly,LLY,1060000000000.0,,0.46,USA
AMD,AMD,983430000000.0,602.42,4.47,USA
SK Hynix,000660.KS,923820000000.0,,5.05,S. Korea
JPMorgan Chase,JPM,903790000000.0,340.0,0.89,USA
Walmart,WMT,868300000000.0,109.11,1.05,USA
Visa,V,691420000000.0,368.3,0.25,USA
ASML,ASML,669610000000.0,,0.03,Netherlands
Exxon Mobil,XOM,668990000000.0,162.7,1.31,USA
Johnson & Johnson,JNJ,656160000000.0,272.28,0.39,USA
Intel,INTC,613450000000.0,116.05,5.65,USA
CXMT,688825.SS,568540000000.0,8.03,4.27,China
Tencent,TCEHY,507470000000.0,56.18,0.95,China
Mastercard,MA,497170000000.0,567.54,0.02,USA
AbbVie,ABBV,470310000000.0,266.15,0.68,USA
Palantir,PLTR,449660000000.0,187.12,1.34,USA
China Construction Bank,601939.SS,429420000000.0,1.64,0.18,China
Cisco,CSCO,419090000000.0,106.3,0.37,USA
Costco,COST,411890000000.0,929.23,0.7,USA
Chevron,CVX,406890000000.0,207.43,1.46,USA
Oracle,ORCL,400930000000.0,132.6,3.28,USA
Bank of America,BAC,392220000000.0,56.09,1.07,USA
Lam Research,LRCX,385180000000.0,307.8,2.35,USA
Applied Materials,AMAT,376450000000.0,474.37,2.19,USA
Caterpillar,CAT,376420000000.0,818.89,0.33,USA
Coca-Cola,KO,376300000000.0,87.46,0.4,USA
Merck,MRK,365580000000.0,148.18,0.4,USA
Agricultural Bank of China,601288.SS,358410000000.0,1.02,0.15,China
Roche,RO.SW,353290000000.0,443.41,1.71,Switzerland
ICBC,1398.HK,350080000000.0,0.98,2.53,China
HSBC,HSBC,346100000000.0,101.16,0.21,UK
Procter & Gamble,PG,344610000000.0,148.37,1.46,USA
Dell,DELL,343100000000.0,539.63,4.13,USA
UnitedHealth,UNH,338230000000.0,376.82,0.06,USA
General Electric,GE,332530000000.0,320.5,2.02,USA
Bank of China,601988.SS,318790000000.0,0.99,0.15,China
Palo Alto Networks,PANW,309980000000.0,378.95,1.12,USA
Morgan Stanley,MS,305080000000.0,194.25,1.05,USA
Arm Holdings,ARM,298620000000.0,279.61,9.9,UK
Philip Morris International,PM,298090000000.0,191.26,0.41,USA
Home Depot,HD,292640000000.0,293.32,0.04,USA
Netflix,NFLX,290990000000.0,69.88,1.77,USA
Royal Bank Of Canada,RY,279280000000.0,201.73,0.12,Canada
Novartis,NVS,278490000000.0,146.52,0.73,Switzerland
Shell,SHEL,277510000000.0,97.3,1.58,UK
Alibaba,BABA,272540000000.00003,109.62,0.11,China
Goldman Sachs,GS,267670000000.00003,919.31,1.73,USA
MediaTek,2454.TW,265769999999.99997,166.4,1.93,Taiwan
Mitsubishi UFJ Financial,MUFG,263940000000.0,23.45,0.13,Japan
CrowdStrike,CRWD,258829999999.99997,252.78,0.26,USA
Arista Networks,ANET,257829999999.99997,204.43,1.03,USA
AstraZeneca,AZN,257720000000.00003,166.18,0.24,UK
RTX,RTX,254440000000.0,188.79,0.32,USA
GE Vernova,GEV,254340000000.0,954.98,0.28,USA
Texas Instruments,TXN,251240000000.0,275.11,1.06,USA
Siemens,SIE.DE,249590000000.0,319.88,1.11,Germany
Thermo Fisher Scientific,TMO,248860000000.0,673.07,0.29,USA
Wells Fargo,WFC,247870000000.0,81.97,1.21,USA
Sandisk,SNDK,243440000000.0,,6.48,USA
SAP,SAP,240620000000.0,208.48,1.04,Germany
KLA,KLAC,240490000000.0,184.28,1.93,USA
Nestlé,NESN.SW,238680000000.0,92.79,0.01,Switzerland
L'Oréal,OR.PA,234710000000.0,440.66,1.52,France
Kweichow Moutai,600519.SS,232130000000.0,185.69,0.56,China
SoftBank Group Corp.,9984.T,226410000000.0,39.73,1.53,Japan
PetroChina,0857.HK,226320000000.0,1.24,3.08,China
Amgen,AMGN,224650000000.0,415.54,0.22,USA
Marvell Technology,MRVL,224040000000.0,249.3,4.82,USA
Toyota,TM,223970000000.0,189.14,0.63,Japan
LVMH,MC.PA,223870000000.0,454.13,0.67,France
Citigroup,C,223490000000.0,133.24,0.78,USA
China Mobile,0941.HK,219070000000.0,10.1,1.02,China
Linde,LIN,217380000000.0,471.57,0.36,UK
International Holding Company,IHC.AE,217230000000.0,99.03,1.73,UAE
BHP Group,BHP,213630000000.0,84.06,1.07,Australia
IBM,IBM,207510000000.0,220.26,2.33,USA
American Express,AXP,206440000000.0,305.71,1.03,USA
Santander,SAN,206060000000.0,14.22,1.42,Spain
Amphenol,APH,205130000000.0,83.18,1.08,USA
CATL,300750.SZ,201620000000.0,43.57,0.51,China
TotalEnergies,TTE,201230000000.0,91.13,0.21,France
QUALCOMM,QCOM,200780000000.0,187.99,6.92,USA
Seagate Technology,STX,199140000000.0,875.8,4.48,Ireland
Toronto Dominion Bank,TD,196800000000.0,120.11,0.45,Canada
Verizon,VZ,193840000000.0,46.66,0.9,USA
Inditex,ITX.MC,190570000000.0,61.18,1.05,Spain
Salesforce,CRM,189140000000.0,229.82,1.79,USA
Analog Devices,ADI,188840000000.0,389.71,0.99,USA
Schneider Electric,SU.PA,188700000000.0,335.0,1.27,France
Gilead Sciences,GILD,187050000000.0,150.86,0.05,USA
Deere & Company (John Deere),DE,185330000000.0,687.38,0.45,USA
Allianz SE,ALV.DE,183490000000.0,483.79,0.43,Germany
Walt Disney,DIS,182920000000.0,105.94,0.2,USA
KIOXIA Holdings Corporation,285A.T,180720000000.0,339.4,4.37,Japan
Prosus,PRX.AS,180000000000.0,41.2,0.42,Netherlands
Shopify,SHOP,179370000000.0,138.23,2.83,Canada
T-Mobile US,TMUS,178290000000.0,166.22,0.48,USA
Commonwealth Bank,CBA.AX,178010000000.0,106.48,0.46,Australia
ABB,ABBN.SW,176150000000.0,97.31,0.95,Switzerland
Airbus,AIR.PA,175820000000.0,222.14,1.57,Netherlands
Pepsico,PEP,175220000000.0,128.28,0.28,USA
BlackRock,BLK,174570000000.0,,1.09,USA
Foxconn Industrial Internet,601138.SS,174480000000.0,8.79,3.41,China
Abbott Laboratories,ABT,174330000000.0,100.75,0.53,USA
DBS Group,D05.SI,173810000000.0,61.11,0.14,Singapore
AT&T,T,171750000000.0,25.06,1.24,USA
Southern Copper,SCCO,171080000000.0,202.62,0.64,USA
Charles Schwab,SCHW,170870000000.0,98.81,0.22,USA
Novo Nordisk,NVO,169600000000.0,38.4,1.03,Denmark
Eaton,ETN,169340000000.0,436.0,0.9,Ireland
Reliance Industries,RELIANCE.NS,168830000000.0,12.48,2.32,India
Welltower,WELL,168640000000.0,234.05,1.16,USA
Sumitomo Mitsui Financial Group,SMFG,168530000000.0,26.62,0.02,Japan
McDonald,MCD,167140000000.0,236.2,0.13,USA
Hermès,RMS.PA,165020000000.0,,2.86,France
CM Bank,3968.HK,164290000000.0,6.51,1.19,China
Rolls-Royce Holdings,RR.L,163110000000.0,19.81,0.81,UK
Union Pacific Corporation,UNP,162950000000.0,274.3,0.19,USA
Tokyo Electron,8035.T,162800000000.0,358.36,0.35,Japan
Pfizer,PFE,162580000000.0,28.52,0.51,USA
Safran,SAF.PA,158690000000.0,382.97,0.18,France
Banco Bilbao Vizcaya Argentaria,BBVA,158430000000.0,28.71,0.55,Spain
Nextera Energy,NEE,158030000000.0,75.76,0.42,USA
Danaher,DHR,157820000000.0,224.5,0.0,USA
Hitachi,6501.T,156780000000.0,35.11,0.33,Japan
Western Digital,WDC,156630000000.0,434.43,4.9,USA
China Shenhua Energy,601088.SS,156620000000.0,7.22,0.75,China
Delta Electronics,2308.TW,156210000000.0,60.14,0.53,Taiwan
China Life Insurance,601628.SS,155090000000.0,5.49,1.76,China
Iberdrola,IBE.MC,154970000000.0,23.22,0.49,Spain
Advantest,6857.T,154940000000.0,214.62,0.79,Japan
ConocoPhillips,COP,153560000000.0,127.83,0.42,USA
Rio Tinto,RIO,152870000000.0,94.0,0.59,UK
Anheuser-Busch Inbev,BUD,152730000000.0,77.56,0.56,Belgium
UBS,UBS,150020000000.0,49.0,1.35,Switzerland
Boeing,BA,149850000000.0,189.6,4.28,USA
Interactive Brokers,IBKR,149520000000.0,87.76,1.66,USA
Intuitive Surgical,ISRG,148270000000.0,413.86,2.14,USA
Deutsche Telekom,DTE.DE,146080000000.0,30.54,0.48,Germany
Recruit,6098.T,145320000000.0,104.64,0.67,Japan
UniCredit,UCG.MI,145030000000.0,96.18,0.79,Italy
TJX Companies,TJX,143870000000.0,130.8,0.57,USA
CNOOC,0883.HK,143480000000.0,3.02,1.2,China
Zhongji Innolight,300308.SZ,142260000000.0,121.62,9.03,China
Ping An Insurance,601318.SS,141640000000.0,7.82,1.6,China
Uber,UBER,140280000000.0,68.68,1.35,USA
Siemens Energy,ENR.F,139020000000.0,163.4,0.26,Germany
Blackstone Group,BX,138350000000.0,115.75,2.25,USA
Sony,SONY,136100000000.0,23.28,1.13,Japan
ServiceNow,NOW,135340000000.0,130.91,3.47,USA
Mizuho Financial Group,MFG,134639999999.99998,11.12,0.5,Japan
Unilever,UL,134520000000.00002,62.48,0.1,UK
Intesa Sanpaolo,ISP.MI,134169999999.99998,7.73,0.15,Italy
Vertex Pharmaceuticals,VRTX,133820000000.0,527.98,0.34,USA
Petrobras,PBR,133750000000.0,20.76,1.89,Brazil
Fast Retailing,9983.T,132470000000.0,431.72,1.12,Japan
Corning,GLW,130240000000.00002,151.2,3.53,USA
Prologis,PLD,130050000000.00002,133.79,0.56,USA
Bristol-Myers Squibb,BMY,128770000000.00002,63.04,0.29,USA
Chubb,CB,128300000000.00002,332.56,0.24,Switzerland
Fortinet,FTNT,127270000000.0,173.47,0.01,USA
Investor AB,INVE-B.ST,126120000000.0,41.17,0.32,Sweden
BNP Paribas,BNP.PA,123600000000.0,112.78,0.09,France
Parker-Hannifin,PH,123520000000.0,979.47,0.12,USA
Booking Holdings (Booking.com),BKNG,123480000000.0,164.34,0.24,USA
Newmont,NEM,123430000000.0,117.14,3.53,USA
Cloudflare,NET,122810000000.0,344.92,1.17,USA
Compagnie Financière Richemont,CFR.SW,122570000000.0,208.48,1.17,Switzerland
Air Liquide,AI.PA,122350000000.0,191.72,0.69,France
Capital One,COF,121570000000.0,198.17,1.01,USA
Keyence,6861.T,121130000000.0,499.48,1.38,Japan
Lockheed Martin,LMT,120680000000.0,522.94,0.65,USA
Progressive,PGR,120630000000.0,207.85,1.14,USA
British American Tobacco,BTI,120480000000.0,55.98,0.63,UK
Bank of Montreal,BMO,119440000000.0,171.84,0.26,Canada
S&P Global,SPGI,117850000000.0,399.77,0.88,USA
Zijin Mining,601899.SS,116740000000.0,4.39,1.97,China
BP,BP,115760000000.0,44.95,1.81,UK
Altria Group,MO,115590000000.0,69.23,0.6,USA
Bharti Airtel,BHARTIARTL.NS,115140000000.0,18.46,0.78,India
HDFC Bank,HDB,115120000000.0,22.4,2.65,India
Snowflake,SNOW,114780000000.0,325.36,3.15,USA
CVS Health,CVS,114040000000.0,89.17,0.04,USA
Scotiabank,BNS,113830000000.0,93.4,0.09,Canada
BYD,002594.SZ,113400000000.0,12.44,1.17,China
OCBC Bank,O39.SI,113320000000.0,25.21,0.66,Singapore
Medtronic,MDT,112530000000.0,87.98,0.74,Ireland
ASE Group,ASX,112320000000.0,43.14,2.64,Taiwan
Mitsubishi Corporation,8058.T,112280000000.0,30.66,0.84,Japan
Valero Energy,VLO,111640000000.0,387.76,0.15,USA
PDD Holdings (Pinduoduo),PDD,111380000000.0,78.25,0.88,China
Marathon Petroleum,MPC,110530000000.0,393.61,0.02,USA
Foxconn (Hon Hai Precision Industry),2317.TW,110510000000.0,7.89,2.15,Taiwan
Starbucks,SBUX,108510000000.0,95.19,0.35,USA
SK Square,402340.KS,106690000000.0,809.71,7.56,S. Korea
Accenture,ACN,106360000000.0,173.82,1.3,Ireland
Lowe's Companies,LOW,106020000000.0,188.98,0.16,USA
Robinhood,HOOD,105820000000.0,117.7,1.42,USA
Stryker Corporation,SYK,105540000000.0,275.15,1.02,USA
AXA,CS.PA,104960000000.0,50.2,0.36,France
Automatic Data Processing,ADP,104560000000.0,263.89,0.08,USA
AppLovin,APP,104430000000.0,310.87,0.04,USA
Enbridge,ENB,104280000000.0,46.79,0.11,Canada
China Yangtze Power,600900.SS,104240000000.0,4.26,0.67,China
Zurich Insurance Group,ZURN.SW,104230000000.0,697.81,0.14,Switzerland
ING,ING,103610000000.0,36.38,0.45,Netherlands
Spotify,SPOT,103070000000.0,501.36,1.7,Sweden
Freeport-McMoRan,FCX,103000000000.0,71.73,0.8,USA
Phillips 66,PSX,102590000000.0,255.88,0.05,USA
CaixaBank,CABK.MC,102280000000.0,14.73,2.04,Spain
CIBC (Canadian Imperial Bank of Commerce),CM,102060000000.0,112.41,0.38,Canada
Al Rajhi Bank,1120.SR,101880000000.0,16.98,1.54,S. Arabia
Equinor,EQNR,101450000000.0,42.8,1.45,Norway
Equinix,EQIX,101380000000.0,,1.92,USA
BNY Mellon (Bank of New York Mellon),BNY,101200000000.0,149.16,0.66,USA
McKesson,MCK,100600000000.0,862.93,0.43,USA
Bank of Communications,601328.SS,100080000000.0,1.13,0.4,China
Trane Technologies,TT,99980000000.0,454.44,0.0,Ireland
Enel,ENEL.MI,99530000000.0,10.03,0.98,Italy
Canadian Natural Resources,CNQ,99190000000.0,48.12,1.5,Canada
GSK plc,GSK,99080000000.0,49.48,0.48,UK
Itōchū Shōji,8001.T,99000000000.0,14.16,0.68,Japan
Sanofi,SNY,98200000000.0,40.98,0.3,France
Grupo México,GMBXF,98200000000.0,12.55,0.4,Mexico
ICICI Bank,IBN,98050000000.0,27.32,2.15,India
Quanta Services,PWR,97700000000.0,649.9,0.12,USA
Tokio Marine,8766.T,97610000000.0,51.38,1.04,Japan
Sinopec,600028.SS,97450000000.0,0.81,1.69,China
AIA,1299.HK,97260000000.0,9.44,0.41,Hong Kong
Vertiv Holdings,VRT,96260000000.0,250.04,1.28,USA
Delta Electronics (Thailand),DELTA.BK,96200000000.0,7.71,1.52,Thailand
Datadog,DDOG,95860000000.0,266.97,0.43,USA
Cambricon Technologies,688256.SS,95720000000.0,152.22,6.55,China
CME Group,CME,95550000000.0,265.75,0.48,USA
Postal Savings Bank of China,601658.SS,95340000000.0,0.79,0.19,China
HCA Healthcare,HCA,94880000000.0,438.28,0.61,USA
Southern Company,SO,94870000000.0,82.47,0.49,USA
Airbnb,ABNB,94300000000.0,157.5,0.02,USA
Agnico Eagle Mines,AEM,94030000000.0,185.7,4.51,Canada
Midea,000333.SZ,93360000000.0,12.24,0.79,China
State Bank of India,SBIN.NS,92520000000.0,10.02,2.14,India
Marriott International,MAR,92500000000.0,354.74,0.77,USA
Murata Manufacturing (Murata Seisakusho),6981.T,92310000000.0,50.93,0.22,Japan
Constellation Energy,CEG,92090000000.0,259.93,1.27,USA
U.S. Bancorp,USB,91900000000.0,58.99,0.57,USA
Adobe,ADBE,91540000000.0,230.29,2.2,USA
Howmet Aerospace,HWM,91530000000.0,229.53,1.27,USA
General Dynamics,GD,91110000000.0,336.78,0.02,USA
Mitsui Bussan,8031.T,90800000000.0,31.95,0.99,Japan
Johnson Controls,JCI,90730000000.0,149.78,0.28,Ireland
NTT (Nippon Telegraph & Telephone),9432.T,90060000000.0,1.11,0.8,Japan
Cadence Design Systems,CDNS,89670000000.0,325.64,0.15,USA
PNC Financial Services,PNC,89640000000.0,224.71,0.41,USA
Itaú Unibanco,ITUB,88940000000.0,8.07,0.49,Brazil
Emerson,EMR,88470000000.0,158.62,0.25,USA
Duke Energy,DUK,88340000000.0,113.31,0.04,USA
3M,MMM,87350000000.0,169.39,0.09,USA
Atlas Copco,ATCO-B.ST,87020000000.0,17.84,0.22,Sweden
MercadoLibre,MELI,86990000000.0,,2.09,Argentina
KKR & Co.,KKR,86840000000.0,94.02,2.74,USA
CSX Corporation,CSX,86830000000.0,46.88,0.2,USA
Dior,CDI.PA,86480000000.0,479.35,1.3,France
Intercontinental Exchange,ICE,86430000000.0,153.97,0.22,USA
Elevance Health,ELV,86000000000.0,396.56,0.12,USA
Glencore,GLCNF,85990000000.0,7.33,0.14,Switzerland
Infineon,IFX.DE,84960000000.0,65.39,1.43,Germany
Xiaomi,XIACF,84870000000.0,3.3,2.37,China
Williams Companies,WMB,84200000000.0,68.84,0.6,USA
Westpac Banking,WBC.AX,84080000000.0,24.62,1.59,Australia
National Australia Bank,NAB.AX,84020000000.0,27.45,1.5,Australia
Eoptolink Technology,300502.SZ,83190000000.0,59.65,8.11,China
Mitsubishi Heavy Industries,7011.T,83080000000.0,24.73,0.28,Japan
Waste Management,WM,82900000000.0,207.42,0.28,USA
Lloyds Banking Group,LYG,82830000000.0,5.74,0.43,UK
Barclays,BCS,82540000000.0,24.68,0.52,UK
Monster Beverage,MNST,82170000000.0,41.94,2.7,USA
Brookfield Corporation,BN,81810000000.0,36.65,0.6,Canada
Suncor Energy,SU,81640000000.0,69.15,1.41,Canada
TAQA,TAQA.AE,81430000000.0,0.72,0.37,UAE
Hewlett Packard Enterprise,HPE,81360000000.0,61.29,2.62,USA
ANZ Bank,ANZ.AX,81180000000.0,26.96,1.56,Australia
Marsh & McLennan Companies,MRSH,81040000000.0,169.82,0.76,USA
ENI,E,80650000000.0,56.18,2.69,Italy
Synopsys,SNPS,80370000000.0,419.42,1.49,USA
Cintas,CTAS,80190000000.0,200.72,0.41,USA
Moody's,MCO,80040000000.0,462.18,1.39,USA
Lumentum,LITE,80010000000.0,892.02,5.27,USA
Sherwin-Williams,SHW,79840000000.0,328.9,0.06,USA
WuXi AppTec,2359.HK,79700000000.0,26.26,1.72,China
United Parcel Service,UPS,79600000000.0,93.57,0.42,USA
DoorDash,DASH,79310000000.0,183.06,5.33,USA
Enterprise Products,EPD,79010000000.0,36.59,0.44,USA
American Tower,AMT,78670000000.0,168.84,0.12,USA
Ecolab,ECL,78450000000.0,279.87,0.14,USA
Regeneron Pharmaceuticals,REGN,78240000000.0,759.94,3.57,USA
Illinois Tool Works,ITW,78210000000.0,274.62,0.11,USA
Tata Consultancy Services,TCS.NS,78040000000.0,21.57,0.54,India
Bloom Energy,BE,77830000000.0,264.28,8.46,USA
Japan Post Bank,7182.T,77730000000.0,21.82,2.42,Japan
Simon Property Group,SPG,77720000000.0,204.74,0.04,USA
NetEase,NTES,77530000000.0,121.1,4.93,China
Comcast,CMCSA,77410000000.0,21.82,0.43,USA
Japan Tobacco,2914.T,77380000000.0,43.59,1.34,Japan
Warner Bros. Discovery,WBD,77350000000.0,30.86,0.02,USA
BAE Systems,BA.L,77320000000.0,26.41,0.96,UK
Moderna,MRNA,77300000000.0,193.62,2.64,USA
Mondelez International,MDLZ,76970000000.0,60.31,0.1,USA
EssilorLuxottica,EL.PA,76700000000.0,167.22,2.22,France
SLB (Schlumberger),SLB,76630000000.0,51.64,0.18,USA
CPKC (Canadian Pacific Kansas City),CP,76180000000.0,86.67,0.28,Canada
The Travelers Companies,TRV,75900000000.0,363.9,0.24,USA
National Grid,NGG,75870000000.0,75.47,0.03,UK
Ross Stores,ROST,75840000000.0,236.44,0.14,USA
Motorola Solutions,MSI,75420000000.0,455.76,0.24,USA
CITIC Bank,601998.SS,75310000000.0,1.35,0.67,China
General Motors,GM,74580000000.0,82.46,0.2,USA
SoftBank Corp.,9434.T,74410000000.0,1.56,0.57,Japan
Generali,G.MI,74210000000.0,49.27,0.87,Italy
EOG Resources,EOG,74150000000.0,141.38,0.73,USA
Munich RE (Münchener Rück),MUV2.DE,73650000000.0,585.43,0.9,Germany
NatWest Group,NWG,73010000000.0,18.41,0.43,UK
Northrop Grumman,NOC,72900000000.0,513.21,0.53,USA
Target,TGT,72730000000.0,160.11,1.69,USA
Canadian National Railway,CNI,72700000000.0,120.34,0.48,Canada
DHL Group (Deutsche Post),DHL.DE,72420000000.0,65.25,0.35,Germany
Intuit,INTU,72030000000.0,269.55,2.26,USA
Manulife Financial,MFC,71940000000.0,43.36,1.14,Canada
Cummins,CMI,71730000000.0,521.08,0.76,USA
The Cigna Group,CI,71520000000.0,270.7,0.48,USA
Hilton Worldwide,HLT,71000000000.0,315.46,0.48,USA
Apollo Global Management,APO,70850000000.0,119.98,1.41,USA
Bank of China (Hong Kong),2388.HK,70690000000.0,6.69,2.54,Hong Kong
Norfolk Southern,NSC,70370000000.0,313.34,0.11,USA
Brookfield Asset Management,BAM,70280000000.0,44.0,1.31,Canada
Ferrari,RACE,70180000000.0,399.79,2.81,Italy
Vinci,DG.PA,70130000000.0,126.98,0.36,France
KDDI,9433.T,70110000000.0,18.97,1.89,Japan
O'Reilly Automotive,ORLY,69930000000.0,86.45,0.39,USA
ADNOC Gas,ADNOCGAS.AE,69800000000.0,0.91,0.3,UAE
Sberbank,SBER.ME,69790000000.0,3.28,0.1,Russia
Nordea Bank,NDA-FI.HE,69110000000.0,20.36,0.28,Finland
Carvana,CVNA,69030000000.0,62.28,4.27,USA
Colgate-Palmolive,CL,68880000000.0,86.42,0.41,USA
Energy Transfer LP,ET,68650000000.00001,19.94,1.24,USA
NAURA Technology Group,002371.SZ,68650000000.00001,94.6,2.93,China
Merck KGaA,MRK.DE,68470000000.0,157.5,2.63,Germany
Hyundai,005380.KS,68319999999.99999,260.95,0.28,S. Korea
Kinder Morgan,KMI,68209999999.99999,30.64,0.37,USA
Barrick Gold,B,68170000000.0,41.42,3.4,Canada
Deutsche Bank,DB,67959999999.99999,36.17,1.09,Germany
Digital Realty,DLR,67930000000.00001,179.87,0.71,USA
Mitsubishi Electric,6503.T,67870000000.00001,33.17,0.5,Japan
Standard Chartered,STAN.L,67629999999.99999,31.08,1.3,UK
FedEx,FDX,67629999999.99999,285.79,0.02,USA
ENGIE,ENGI.PA,67459999999.99999,26.55,0.04,France
Shin-Etsu Chemical,4063.T,67140000000.0,36.99,1.27,Japan
Volvo Group,VOLV-A.ST,67019999999.99999,32.96,0.8,Sweden
Vingroup Company,VIC.VN,66959999999.99999,8.93,0.04,Vietnam
Honeywell,HON,66870000000.00001,211.01,0.72,USA
SMIC,0981.HK,66629999999.99999,7.78,3.63,China
Chugai Pharmaceutical,4519.T,66610000000.0,40.48,3.84,Japan
Panasonic,6752.T,66390000000.0,28.44,2.59,Japan
Monolithic Power Systems,MPWR,65700000000.0,,2.22,USA
Macquarie Group Limited,MQG.AX,65500000000.0,171.88,2.28,Australia
Republic Services,RSG,65440000000.0,213.72,0.76,USA
America Movil,AMX,65330000000.0,21.85,0.81,Mexico
Royal Caribbean Group,RCL,65129999999.99999,243.56,0.35,USA
United Rentals,URI,65120000000.00001,,0.06,USA
Fubon Financial,2881.TW,64540000000.00001,4.72,1.96,Taiwan
American Electric Power,AEP,64230000000.00001,117.99,0.3,USA
The Saudi National Bank,1180.SR,63960000000.0,10.78,1.65,S. Arabia
Ma'aden,1211.SR,63950000000.0,16.48,0.4,S. Arabia
Bajaj Finance,BAJFINANCE.NS,63840000000.0,10.26,1.19,India
Boston Scientific,BSX,63540000000.0,43.84,0.17,USA
Nebius Group,NBIS,63530000000.0,233.72,1.52,Netherlands
TE Connectivity,TEL,62780000000.0,216.85,0.8,Switzerland
LG Energy Solution,373220.KS,62690000000.0,267.94,3.56,S. Korea
Wheaton Precious Metals,WPM,62620000000.0,137.9,3.51,Canada
Hong Kong Exchanges & Clearing,0388.HK,62610000000.0,49.54,0.05,Hong Kong
Air Products and Chemicals,APD,62420000000.0,280.34,0.5,USA
Crédit Agricole,ACA.PA,62320000000.0,20.55,0.6,France
"Strategy 
 (MicroStrategy)",MSTR,62290000000.0,156.8,1.14,USA
MetLife,MET,61520000000.0,96.82,0.9,USA
Astera Labs,ALAB,61440000000.0,354.2,2.86,USA
CSL,CSL.AX,61340000000.0,127.84,2.8,Australia
TransDigm Group,TDG,61270000000.0,,0.68,USA
Unimicron,3037.TW,61200000000.0,37.31,2.16,Taiwan
TC Energy,TRP,61120000000.0,58.67,0.19,Canada
Imperial Oil,IMO,61090000000.0,122.86,1.37,Canada
Teradyne,TER,61050000000.0,390.54,1.97,USA
Nu Holdings,NU,60800000000.0,12.59,7.37,Brazil
Keysight,KEYS,60800000000.0,357.16,1.38,USA
Sea Limited,SE,60740000000.0,99.18,0.38,Singapore
CITIC Securities,600030.SS,60480000000.0,3.87,1.33,China
First Abu Dhabi Bank,FAB.AE,60160000000.0,5.45,0.1,UAE
Takeda Pharmaceutical,TAK,60030000000.0,18.8,0.32,Japan
Argenx,ARGX,59740000000.0,960.72,0.13,Netherlands
Natera,NTRA,59470000000.0,412.63,0.02,USA
Nintendo,7974.T,59450000000.0,50.9,1.25,Japan
United Microelectronics,UMC,59430000000.0,23.7,2.51,Taiwan
Nan Ya Plastics,1303.TW,59430000000.0,7.49,4.62,Taiwan
NXP Semiconductors,NXPI,59390000000.0,235.53,1.07,Netherlands
Société Générale,GLE.PA,59360000000.0,81.91,0.35,France
Deutsche Börse,DB1.DE,59180000000.0,328.29,1.4,Germany
Targa Resources,TRGP,59140000000.0,275.84,0.72,USA
Paccar,PCAR,58980000000.0,112.06,0.68,USA
W. W. Grainger,GWW,58940000000.0,,0.67,USA
Comfort Systems USA,FIX,58860000000.0,,0.83,USA
KBC,KBCSF,58730000000.0,147.23,2.57,Belgium
Wesfarmers,WES.AX,58710000000.0,51.71,0.03,Australia
Great-West Lifeco,GWO.TO,58660000000.0,65.53,0.56,Canada
Cencora,COR,58370000000.0,305.89,0.34,USA
Arthur J. Gallagher & Co.,AJG,58350000000.0,227.65,1.49,USA
Cenovus Energy,CVE,58110000000.0,31.51,1.88,Canada
Fastenal,FAST,58000000000.0,50.54,0.23,USA
Truist Financial Corporation,TFC,57830000000.0,47.34,0.67,USA
Aon,AON,57810000000.0,272.55,1.96,UK
Vale,VALE,57720000000.0,13.56,0.33,Brazil
RELX,RELX,57660000000.0,33.17,1.04,UK
Luxshare Precision,002475.SZ,57660000000.0,7.45,4.0,China
Ametek,AME,57580000000.0,251.18,0.17,USA
Allstate,ALL,57570000000.0,227.71,0.05,USA
Baker Hughes,BKR,57540000000.0,57.97,0.24,USA
Saudi Telecom Company,7010.SR,57280000000.0,11.48,0.6,S. Arabia
MPLX,MPLX,57230000000.0,56.45,0.62,USA
Aflac,AFL,57180000000.0,114.07,0.31,USA
National Bank of Canada,NA.TO,57010000000.0,148.92,0.0,Canada
Occidental Petroleum,OXY,56900000000.0,56.93,0.12,USA
Bayer,BAYN.DE,56820000000.0,57.84,1.72,Germany
Anglo American,AAL.L,56800000000.0,53.01,1.14,UK
Nongfu Spring,9633.HK,56570000000.0,5.03,2.76,China
Garmin,GRMN,56490000000.0,292.92,0.41,Switzerland
Industrial Bank,601166.SS,56140000000.0,2.65,0.62,China
Lenovo,0992.HK,56130000000.0,4.53,4.47,Hong Kong
Nucor,NUE,56080000000.0,247.18,0.03,USA
Cement Roadstone Holding,CRH,56080000000.0,84.3,0.88,Ireland
Nokia,NOK,56070000000.0,10.02,3.61,Finland
Cheniere Energy,LNG,55880000000.0,270.58,0.76,USA
UOB,U11.SI,55830000000.0,33.87,1.69,Singapore
Oneok,OKE,55730000000.0,88.41,0.25,USA
Erste Group Bank,EBO.F,55680000000.0,143.34,2.27,Austria
Coherent Corp.,COHR,54850000000.0,280.12,5.31,USA
Singtel,Z74.SI,54690000000.0,3.36,0.23,Singapore
Delta Air Lines,DAL,54560000000.0,82.97,2.32,USA
Larsen & Toubro,LT.NS,53990000000.0,39.24,2.83,India
Emirates NBD Bank PJSC,EMIRATESNBD.AE,53860000000.0,8.53,1.36,UAE
Sumitomo,8053.T,53770000000.0,11.38,0.56,Japan
Nike,NKE,53740000000.0,36.23,1.34,USA
Thales,HO.PA,53510000000.0,260.2,0.22,France
Public Storage,PSA,53500000000.0,286.36,0.56,USA
BTG Pactual,BPAC3.SA,53280000000.0,4.6,0.62,Brazil
Dominion Energy,D,53060000000.0,60.33,0.58,USA
RWE,RWE.DE,52840000000.0,67.75,0.34,Germany
The People's Insurance Company (PICC),601319.SS,52790000000.0,1.19,0.87,China
ArcelorMittal,MT,52700000000.0,70.04,0.93,Luxembourg
Commerzbank,CBK.F,52680000000.0,48.74,1.73,Germany
London Stock Exchange,LSEG.L,52600000000.0,109.13,0.32,UK
Diamondback Energy,FANG,52470000000.0,187.4,0.39,USA
Realty Income,O,52440000000.0,55.43,0.2,USA
Corteva,CTVA,52420000000.0,78.57,0.06,USA
China Telecom,0728.HK,52320000000.0,0.57,2.16,China
Fujikura,5803.T,52220000000.0,31.54,0.58,Japan
Devon Energy,DVN,52110000000.0,47.38,0.7,USA
Emirates Telecom (Etisalat Group),EAND.AE,52090000000.0,5.99,1.38,UAE
Rheinmetall,RHM.F,52060000000.0,,0.39,Germany
Nasdaq,NDAQ,51710000000.0,92.51,1.11,USA
Cardinal Health,CAH,51260000000.0,221.38,0.53,USA
Meituan,3690.HK,51260000000.0,9.17,0.35,China
E.ON,EOAN.DE,51250000000.0,19.61,0.41,Germany
Loblaw Companies,L.TO,51190000000.0,44.3,0.06,Canada
Alimentation Couche-Tard,ATD.TO,51140000000.0,55.71,0.52,Canada
Coinbase,COIN,51060000000.0,193.53,0.81,USA
Cathay Financial Holding,2882.TW,51030000000.0,3.48,0.9,Taiwan
Compass Group,CPG.L,50820000000.0,29.89,1.53,UK
Sempra,SRE,50720000000.0,77.58,0.45,USA
Maersk,MAERSK-B.CO,50680000000.0,,0.47,Denmark
Swiss Re,SREN.SW,50610000000.0,171.63,0.78,Switzerland
Ford,F,50140000000.0,12.58,1.06,USA
Hoya,7741.T,50060000000.0,150.1,0.45,Japan
Marubeni,8002.T,50020000000.0,30.79,1.57,Japan
Edwards Lifesciences,EW,50000000000.0,86.76,0.54,USA
Becton Dickinson,BDX,49720000000.0,182.57,0.68,USA
Honeywell Aerospace,HONA,49670000000.0,156.74,1.28,USA
State Street Corporation,STT,49520000000.0,180.3,0.57,USA
Siemens Healthineers,SHL.DE,49460000000.0,44.2,2.88,Germany
BASF,BAS.DE,49400000000.0,57.38,0.12,Germany
CITIC limited,0267.HK,49280000000.0,1.69,2.7,China
